"uri","name"
"http://www.semanticweb.org/admin/ontologies/2025/2/smartdevices/apple_iphone_16_pro_max","Apple iPhone 16 Pro Max"
"http://www.semanticweb.org/admin/ontologies/2025/2/smartdevices/oppo_find_n5","Oppo Find N5"
"http://www.semanticweb.org/admin/ontologies/2025/2/smartdevices/samsung_galaxy_s25_ultra","Samsung Galaxy S25 Ultra"
"http://www.semanticweb.org/admin/ontologies/2025/2/smartdevices/xiaomi_redmi_note_14_4g","Xiaomi Redmi Note 14 4G"
"http://www.semanticweb.org/admin/ontologies/2025/2/smartdevices/xiaomi_14t_pro","Xiaomi 14T Pro"
"http://www.semanticweb.org/admin/ontologies/2025/2/smartdevices/apple_iphone_15","Apple iPhone 15"
"http://www.semanticweb.org/admin/ontologies/2025/2/smartdevices/samsung_galaxy_z_flip6","Samsung Galaxy Z Flip6"
"http://www.semanticweb.org/admin/ontologies/2025/2/smartdevices/apple_iphone_16_pro","Apple iPhone 16 Pro"
"http://www.semanticweb.org/admin/ontologies/2025/2/smartdevices/samsung_galaxy_s24_ultra","Samsung Galaxy S24 Ultra"
"http://www.semanticweb.org/admin/ontologies/2025/2/smartdevices/apple_iphone_16e","Apple iPhone 16e"
"http://www.semanticweb.org/admin/ontologies/2025/2/smartdevices/apple_iphone_15_pro_max","Apple iPhone 15 Pro Max"
"http://www.semanticweb.org/admin/ontologies/2025/2/smartdevices/apple_iphone_13","Apple iPhone 13"
"http://www.semanticweb.org/admin/ontologies/2025/2/smartdevices/samsung_galaxy_s25","Samsung Galaxy S25"
"http://www.semanticweb.org/admin/ontologies/2025/2/smartdevices/samsung_galaxy_m55","Samsung Galaxy M55"
"http://www.semanticweb.org/admin/ontologies/2025/2/smartdevices/samsung_galaxy_a15","Samsung Galaxy A15"
"http://www.semanticweb.org/admin/ontologies/2025/2/smartdevices/apple_iphone_14","Apple iPhone 14"
"http://www.semanticweb.org/admin/ontologies/2025/2/smartdevices/oppo_find_x8","Oppo Find X8"
"http://www.semanticweb.org/admin/ontologies/2025/2/smartdevices/apple_iphone_16","Apple iPhone 16"
"http://www.semanticweb.org/admin/ontologies/2025/2/smartdevices/apple_iphone_14_pro_max","Apple iPhone 14 Pro Max"
"http://www.semanticweb.org/admin/ontologies/2025/2/smartdevices/samsung_galaxy_a16_5g","Samsung Galaxy A16 5G"
"http://www.semanticweb.org/admin/ontologies/2025/2/smartdevices/xiaomi_14t","Xiaomi 14T"
"http://www.semanticweb.org/admin/ontologies/2025/2/smartdevices/apple_iphone_15_plus","Apple iPhone 15 Plus"
"http://www.semanticweb.org/admin/ontologies/2025/2/smartdevices/apple_iphone_16_plus","Apple iPhone 16 Plus"
"http://www.semanticweb.org/admin/ontologies/2025/2/smartdevices/xiaomi_15_ultra","Xiaomi 15 Ultra"
"http://www.semanticweb.org/admin/ontologies/2025/2/smartdevices/oppo_reno12_f","Oppo Reno12 F"
"http://www.semanticweb.org/admin/ontologies/2025/2/smartdevices/samsung_galaxy_z_fold6","Samsung Galaxy Z Fold6"
"http://www.semanticweb.org/admin/ontologies/2025/2/smartdevices/oppo_reno13_f","Oppo Reno13 F"
"http://www.semanticweb.org/admin/ontologies/2025/2/smartdevices/xiaomi_redmi_note_14_5g","Xiaomi Redmi Note 14 5G"
"http://www.semanticweb.org/admin/ontologies/2025/2/smartdevices/apple_iphone_14_pro","Apple iPhone 14 Pro"
"http://www.semanticweb.org/admin/ontologies/2025/2/smartdevices/oppo_a3","Oppo A3"
"http://www.semanticweb.org/admin/ontologies/2025/2/smartdevices/xiaomi_poco_m6","Xiaomi Poco M6"
"http://www.semanticweb.org/admin/ontologies/2025/2/smartdevices/samsung_galaxy_a05s","Samsung Galaxy A05s"
"http://www.semanticweb.org/admin/ontologies/2025/2/smartdevices/apple_iphone_14_plus","Apple iPhone 14 Plus"
"http://www.semanticweb.org/admin/ontologies/2025/2/smartdevices/apple_iphone_11","Apple iPhone 11"
"http://www.semanticweb.org/admin/ontologies/2025/2/smartdevices/xiaomi_redmi_note_13_pro_","Xiaomi Redmi Note 13 Pro+"
"http://www.semanticweb.org/admin/ontologies/2025/2/smartdevices/tecno_camon_40_pro","Tecno Camon 40 Pro"
"http://www.semanticweb.org/admin/ontologies/2025/2/smartdevices/samsung_galaxy_a06","Samsung Galaxy A06"
"http://www.semanticweb.org/admin/ontologies/2025/2/smartdevices/oppo_find_n3","Oppo Find N3"
"http://www.semanticweb.org/admin/ontologies/2025/2/smartdevices/samsung_galaxy_a06_5g","Samsung Galaxy A06 5G"
"http://www.semanticweb.org/admin/ontologies/2025/2/smartdevices/xiaomi_redmi_14c","Xiaomi Redmi 14C"
"http://www.semanticweb.org/admin/ontologies/2025/2/smartdevices/tecno_camon_40","Tecno Camon 40"
"http://www.semanticweb.org/admin/ontologies/2025/2/smartdevices/tecno_camon_30s","Tecno Camon 30S"
"http://www.semanticweb.org/admin/ontologies/2025/2/smartdevices/xiaomi_redmi_note_13_pro","Xiaomi Redmi Note 13 Pro"
"http://www.semanticweb.org/admin/ontologies/2025/2/smartdevices/zte_nubia_neo_3","ZTE nubia Neo 3"
"http://www.semanticweb.org/admin/ontologies/2025/2/smartdevices/tecno_pova_6_neo","Tecno Pova 6 Neo"
"http://www.semanticweb.org/admin/ontologies/2025/2/smartdevices/oppo_a18","Oppo A18"
"http://www.semanticweb.org/admin/ontologies/2025/2/smartdevices/meizu_mblu_21","Meizu mblu 21"
"http://www.semanticweb.org/admin/ontologies/2025/2/smartdevices/realme_c65","Realme C65"
"http://www.semanticweb.org/admin/ontologies/2025/2/smartdevices/samsung_galaxy_a16","Samsung Galaxy A16"
"http://www.semanticweb.org/admin/ontologies/2025/2/smartdevices/tecno_spark_30_5g","Tecno Spark 30 5G"
"http://www.semanticweb.org/admin/ontologies/2025/2/smartdevices/vivo_y100","vivo Y100"
"http://www.semanticweb.org/admin/ontologies/2025/2/smartdevices/tecno_pova_6","Tecno Pova 6"
"http://www.semanticweb.org/admin/ontologies/2025/2/smartdevices/oppo_a58__china_","Oppo A58 (China)"
"http://www.semanticweb.org/admin/ontologies/2025/2/smartdevices/oppo_find_n3_flip","Oppo Find N3 Flip"
"http://www.semanticweb.org/admin/ontologies/2025/2/smartdevices/oppo_a58_4g","Oppo A58 4G"
"http://www.semanticweb.org/admin/ontologies/2025/2/smartdevices/tecno_spark_30c","Tecno Spark 30C"
"http://www.semanticweb.org/admin/ontologies/2025/2/smartdevices/tecno_camon_30","Tecno Camon 30"
"http://www.semanticweb.org/admin/ontologies/2025/2/smartdevices/tecno_spark_go_1","Tecno Spark Go 1"
"http://www.semanticweb.org/admin/ontologies/2025/2/smartdevices/infinix_hot_40i","Infinix Hot 40i"
"http://www.semanticweb.org/admin/ontologies/2025/2/smartdevices/vivo_y04","vivo Y04"
"http://www.semanticweb.org/admin/ontologies/2025/2/smartdevices/vivo_v30e","vivo V30e"
"http://www.semanticweb.org/admin/ontologies/2025/2/smartdevices/tecno_pova_5","Tecno Pova 5"
"http://www.semanticweb.org/admin/ontologies/2025/2/smartdevices/infinix_hot_50","Infinix Hot 50"
"http://www.semanticweb.org/admin/ontologies/2025/2/smartdevices/oppo_a77s","Oppo A77s"
"http://www.semanticweb.org/admin/ontologies/2025/2/smartdevices/samsung_galaxy_z_fold5","Samsung Galaxy Z Fold5"
"http://www.semanticweb.org/admin/ontologies/2025/2/smartdevices/nokia_220_4g","Nokia 220 4G"
"http://www.semanticweb.org/admin/ontologies/2025/2/smartdevices/tecno_spark_20c","Tecno Spark 20C"
"http://www.semanticweb.org/admin/ontologies/2025/2/smartdevices/vivo_y19s","vivo Y19s"
"http://www.semanticweb.org/admin/ontologies/2025/2/smartdevices/zte_blade_a55","ZTE Blade A55"
"http://www.semanticweb.org/admin/ontologies/2025/2/smartdevices/vivo_y17s","vivo Y17s"
"http://www.semanticweb.org/admin/ontologies/2025/2/smartdevices/realme_c51","Realme C51"
"http://www.semanticweb.org/admin/ontologies/2025/2/smartdevices/realme_c67","Realme C67"
"http://www.semanticweb.org/admin/ontologies/2025/2/smartdevices/realme_c61","Realme C61"
"http://www.semanticweb.org/admin/ontologies/2025/2/smartdevices/realme_note_60","Realme Note 60"
"http://www.semanticweb.org/admin/ontologies/2025/2/smartdevices/oppo_reno10","Oppo Reno10"
"http://www.semanticweb.org/admin/ontologies/2025/2/smartdevices/realme_note_60x","Realme Note 60x"
"http://www.semanticweb.org/admin/ontologies/2025/2/smartdevices/vivo_y36","vivo Y36"
"http://www.semanticweb.org/admin/ontologies/2025/2/smartdevices/oppo_reno8","Oppo Reno8"
"http://www.semanticweb.org/admin/ontologies/2025/2/smartdevices/vivo_y03","vivo Y03"
"http://www.semanticweb.org/admin/ontologies/2025/2/smartdevices/vivo_v25e","vivo V25e"
"http://www.semanticweb.org/admin/ontologies/2025/2/smartdevices/vivo_y03t","vivo Y03t"
"http://www.semanticweb.org/admin/ontologies/2025/2/smartdevices/vivo_v29e","vivo V29e"
"http://www.semanticweb.org/admin/ontologies/2025/2/smartdevices/vivo_v25_pro","vivo V25 Pro"
"http://www.semanticweb.org/admin/ontologies/2025/2/smartdevices/samsung_galaxy_j6","Samsung Galaxy J6"
"http://www.semanticweb.org/admin/ontologies/2025/2/smartdevices/oppo_a12","Oppo A12"
"http://www.semanticweb.org/admin/ontologies/2025/2/smartdevices/apple_iphone_12_pro_max","Apple iPhone 12 Pro Max"
"http://www.semanticweb.org/admin/ontologies/2025/2/smartdevices/xiaomi_poco_x3_pro","Xiaomi Poco X3 Pro"
"http://www.semanticweb.org/admin/ontologies/2025/2/smartdevices/apple_iphone_se__2022_","Apple iPhone SE (2022)"
"http://www.semanticweb.org/admin/ontologies/2025/2/smartdevices/xiaomi_poco_m5","Xiaomi Poco M5"
"http://www.semanticweb.org/admin/ontologies/2025/2/smartdevices/apple_iphone_12_mini","Apple iPhone 12 mini"
"http://www.semanticweb.org/admin/ontologies/2025/2/smartdevices/xiaomi_redmi_10","Xiaomi Redmi 10"
"http://www.semanticweb.org/admin/ontologies/2025/2/smartdevices/apple_iphone_13_pro","Apple iPhone 13 Pro"
"http://www.semanticweb.org/admin/ontologies/2025/2/smartdevices/samsung_galaxy_a05","Samsung Galaxy A05"
"http://www.semanticweb.org/admin/ontologies/2025/2/smartdevices/samsung_galaxy_a31","Samsung Galaxy A31"
"http://www.semanticweb.org/admin/ontologies/2025/2/smartdevices/apple_iphone_13_mini","Apple iPhone 13 mini"
"http://www.semanticweb.org/admin/ontologies/2025/2/smartdevices/xiaomi_13_pro","Xiaomi 13 Pro"
"http://www.semanticweb.org/admin/ontologies/2025/2/smartdevices/samsung_galaxy_s20","Samsung Galaxy S20"
"http://www.semanticweb.org/admin/ontologies/2025/2/smartdevices/zte_blade_a52","ZTE Blade A52"
"http://www.semanticweb.org/admin/ontologies/2025/2/smartdevices/samsung_galaxy_a21s","Samsung Galaxy A21s"
"http://www.semanticweb.org/admin/ontologies/2025/2/smartdevices/xiaomi_redmi_note_11","Xiaomi Redmi Note 11"
"http://www.semanticweb.org/admin/ontologies/2025/2/smartdevices/xiaomi_11t_pro","Xiaomi 11T Pro"
"http://www.semanticweb.org/admin/ontologies/2025/2/smartdevices/sony_xperia_10_v","Sony Xperia 10 V"
"http://www.semanticweb.org/admin/ontologies/2025/2/smartdevices/oppo_a93","Oppo A93"
"http://www.semanticweb.org/admin/ontologies/2025/2/smartdevices/apple_iphone_13_pro_max","Apple iPhone 13 Pro Max"
"http://www.semanticweb.org/admin/ontologies/2025/2/smartdevices/samsung_galaxy_a11","Samsung Galaxy A11"
"http://www.semanticweb.org/admin/ontologies/2025/2/smartdevices/oppo_reno2_f","Oppo Reno2 F"
"http://www.semanticweb.org/admin/ontologies/2025/2/smartdevices/samsung_galaxy_a02s","Samsung Galaxy A02s"
"http://www.semanticweb.org/admin/ontologies/2025/2/smartdevices/tecno_camon_20","Tecno Camon 20"
"http://www.semanticweb.org/admin/ontologies/2025/2/smartdevices/xiaomi_mi_11_lite_5g","Xiaomi Mi 11 Lite 5G"
"http://www.semanticweb.org/admin/ontologies/2025/2/smartdevices/samsung_galaxy_note10_","Samsung Galaxy Note10+"
"http://www.semanticweb.org/admin/ontologies/2025/2/smartdevices/samsung_galaxy_s24","Samsung Galaxy S24"
"http://www.semanticweb.org/admin/ontologies/2025/2/smartdevices/samsung_galaxy_s23_ultra","Samsung Galaxy S23 Ultra"
"http://www.semanticweb.org/admin/ontologies/2025/2/smartdevices/vivo_y12s_2021","vivo Y12s 2021"
"http://www.semanticweb.org/admin/ontologies/2025/2/smartdevices/oppo_reno7_pro_5g","Oppo Reno7 Pro 5G"
"http://www.semanticweb.org/admin/ontologies/2025/2/smartdevices/asus_rog_phone_6","Asus ROG Phone 6"
"http://www.semanticweb.org/admin/ontologies/2025/2/smartdevices/xiaomi_redmi_12c","Xiaomi Redmi 12C"
"http://www.semanticweb.org/admin/ontologies/2025/2/smartdevices/samsung_galaxy_s20_ultra","Samsung Galaxy S20 Ultra"
"http://www.semanticweb.org/admin/ontologies/2025/2/smartdevices/apple_iphone_12_pro","Apple iPhone 12 Pro"
"http://www.semanticweb.org/admin/ontologies/2025/2/smartdevices/samsung_galaxy_s21_fe_5g","Samsung Galaxy S21 FE 5G"
"http://www.semanticweb.org/admin/ontologies/2025/2/smartdevices/vivo_v20","vivo V20"
"http://www.semanticweb.org/admin/ontologies/2025/2/smartdevices/asus_rog_phone_3","Asus ROG Phone 3"
"http://www.semanticweb.org/admin/ontologies/2025/2/smartdevices/samsung_galaxy_a71","Samsung Galaxy A71"
"http://www.semanticweb.org/admin/ontologies/2025/2/smartdevices/samsung_galaxy_a13","Samsung Galaxy A13"
"http://www.semanticweb.org/admin/ontologies/2025/2/smartdevices/apple_iphone_se__2020_","Apple iPhone SE (2020)"
"http://www.semanticweb.org/admin/ontologies/2025/2/smartdevices/samsung_galaxy_a12","Samsung Galaxy A12"
"http://www.semanticweb.org/admin/ontologies/2025/2/smartdevices/xiaomi_redmi_note_10","Xiaomi Redmi Note 10"
"http://www.semanticweb.org/admin/ontologies/2025/2/smartdevices/samsung_galaxy_a32","Samsung Galaxy A32"
"http://www.semanticweb.org/admin/ontologies/2025/2/smartdevices/samsung_galaxy_a14_5g","Samsung Galaxy A14 5G"
"http://www.semanticweb.org/admin/ontologies/2025/2/smartdevices/oppo_reno8_pro","Oppo Reno8 Pro"
"http://www.semanticweb.org/admin/ontologies/2025/2/smartdevices/samsung_galaxy_s22__5g","Samsung Galaxy S22+ 5G"
"http://www.semanticweb.org/admin/ontologies/2025/2/smartdevices/oppo_reno6_5g","Oppo Reno6 5G"
"http://www.semanticweb.org/admin/ontologies/2025/2/smartdevices/samsung_galaxy_a51","Samsung Galaxy A51"
"http://www.semanticweb.org/admin/ontologies/2025/2/smartdevices/asus_rog_phone_5","Asus ROG Phone 5"
"http://www.semanticweb.org/admin/ontologies/2025/2/smartdevices/oppo_reno5_5g","Oppo Reno5 5G"
"http://www.semanticweb.org/admin/ontologies/2025/2/smartdevices/xiaomi_redmi_note_11s","Xiaomi Redmi Note 11S"
"http://www.semanticweb.org/admin/ontologies/2025/2/smartdevices/asus_rog_phone_7","Asus ROG Phone 7"
"http://www.semanticweb.org/admin/ontologies/2025/2/smartdevices/oppo_reno8_t_5g","Oppo Reno8 T 5G"
"http://www.semanticweb.org/admin/ontologies/2025/2/smartdevices/xiaomi_11_lite_5g_ne","Xiaomi 11 Lite 5G NE"
"http://www.semanticweb.org/admin/ontologies/2025/2/smartdevices/samsung_galaxy_a52","Samsung Galaxy A52"
"http://www.semanticweb.org/admin/ontologies/2025/2/smartdevices/xiaomi_mi_10t_pro_5g","Xiaomi Mi 10T Pro 5G"
"http://www.semanticweb.org/admin/ontologies/2025/2/smartdevices/samsung_galaxy_a54","Samsung Galaxy A54"
"http://www.semanticweb.org/admin/ontologies/2025/2/smartdevices/oneplus_nord_ce_3_lite","OnePlus Nord CE 3 Lite"
"http://www.semanticweb.org/admin/ontologies/2025/2/smartdevices/xiaomi_redmi_9a","Xiaomi Redmi 9A"
"http://www.semanticweb.org/admin/ontologies/2025/2/smartdevices/xiaomi_poco_m5s","Xiaomi Poco M5s"
"http://www.semanticweb.org/admin/ontologies/2025/2/smartdevices/samsung_galaxy_note20_ultra","Samsung Galaxy Note20 Ultra"
"http://www.semanticweb.org/admin/ontologies/2025/2/smartdevices/realme_11_pro","Realme 11 Pro"
"http://www.semanticweb.org/admin/ontologies/2025/2/smartdevices/xiaomi_redmi_note_10_5g","Xiaomi Redmi Note 10 5G"
"http://www.semanticweb.org/admin/ontologies/2025/2/smartdevices/oppo_a54","Oppo A54"
"http://www.semanticweb.org/admin/ontologies/2025/2/smartdevices/oppo_reno7_z_5g","Oppo Reno7 Z 5G"
"http://www.semanticweb.org/admin/ontologies/2025/2/smartdevices/samsung_galaxy_a23","Samsung Galaxy A23"
"http://www.semanticweb.org/admin/ontologies/2025/2/smartdevices/vivo_x70_pro_","vivo X70 Pro+"
"http://www.semanticweb.org/admin/ontologies/2025/2/smartdevices/samsung_galaxy_z_fold2_5g","Samsung Galaxy Z Fold2 5G"
"http://www.semanticweb.org/admin/ontologies/2025/2/smartdevices/oppo_a15","Oppo A15"
"http://www.semanticweb.org/admin/ontologies/2025/2/smartdevices/apple_iphone_8_plus","Apple iPhone 8 Plus"
"http://www.semanticweb.org/admin/ontologies/2025/2/smartdevices/oppo_a57","Oppo A57"
"http://www.semanticweb.org/admin/ontologies/2025/2/smartdevices/xiaomi_redmi_note_12_pro_4g","Xiaomi Redmi Note 12 Pro 4G"
"http://www.semanticweb.org/admin/ontologies/2025/2/smartdevices/tecno_spark_go_2024","Tecno Spark Go 2024"
"http://www.semanticweb.org/admin/ontologies/2025/2/smartdevices/xiaomi_12","Xiaomi 12"
"http://www.semanticweb.org/admin/ontologies/2025/2/smartdevices/samsung_galaxy_a03","Samsung Galaxy A03"
"http://www.semanticweb.org/admin/ontologies/2025/2/smartdevices/xiaomi_redmi_note_12s","Xiaomi Redmi Note 12S"
"http://www.semanticweb.org/admin/ontologies/2025/2/smartdevices/oppo_a15s","Oppo A15s"
"http://www.semanticweb.org/admin/ontologies/2025/2/smartdevices/samsung_galaxy_a04","Samsung Galaxy A04"
"http://www.semanticweb.org/admin/ontologies/2025/2/smartdevices/samsung_galaxy_a52s_5g","Samsung Galaxy A52s 5G"
"http://www.semanticweb.org/admin/ontologies/2025/2/smartdevices/oppo_reno7","Oppo Reno7"
"http://www.semanticweb.org/admin/ontologies/2025/2/smartdevices/asus_rog_phone_5s","Asus ROG Phone 5s"
"http://www.semanticweb.org/admin/ontologies/2025/2/smartdevices/xiaomi_redmi_13","Xiaomi Redmi 13"
"http://www.semanticweb.org/admin/ontologies/2025/2/smartdevices/samsung_galaxy_note20","Samsung Galaxy Note20"
"http://www.semanticweb.org/admin/ontologies/2025/2/smartdevices/oppo_a96","Oppo A96"
"http://www.semanticweb.org/admin/ontologies/2025/2/smartdevices/infinix_hot_30i","Infinix Hot 30i"
"http://www.semanticweb.org/admin/ontologies/2025/2/smartdevices/xiaomi_redmi_note_10_pro","Xiaomi Redmi Note 10 Pro"
"http://www.semanticweb.org/admin/ontologies/2025/2/smartdevices/oppo_a95","Oppo A95"
"http://www.semanticweb.org/admin/ontologies/2025/2/smartdevices/realme_7","Realme 7"
"http://www.semanticweb.org/admin/ontologies/2025/2/smartdevices/xiaomi_redmi_note_8_pro","Xiaomi Redmi Note 8 Pro"
"http://www.semanticweb.org/admin/ontologies/2025/2/smartdevices/tecno_pova_2","Tecno Pova 2"
"http://www.semanticweb.org/admin/ontologies/2025/2/smartdevices/xiaomi_12_pro__dimensity_","Xiaomi 12 Pro (Dimensity)"
"http://www.semanticweb.org/admin/ontologies/2025/2/smartdevices/xiaomi_redmi_note_10s","Xiaomi Redmi Note 10S"
"http://www.semanticweb.org/admin/ontologies/2025/2/smartdevices/oppo_a1k","Oppo A1k"
"http://www.semanticweb.org/admin/ontologies/2025/2/smartdevices/tecno_pova_4_pro","Tecno Pova 4 Pro"
"http://www.semanticweb.org/admin/ontologies/2025/2/smartdevices/vivo_v21_5g","vivo V21 5G"
"http://www.semanticweb.org/admin/ontologies/2025/2/smartdevices/vivo_y02t","vivo Y02t"
"http://www.semanticweb.org/admin/ontologies/2025/2/smartdevices/tecno_pova_3","Tecno Pova 3"
"http://www.semanticweb.org/admin/ontologies/2025/2/smartdevices/xiaomi_redmi_note_11_pro_5g","Xiaomi Redmi Note 11 Pro 5G"
"http://www.semanticweb.org/admin/ontologies/2025/2/smartdevices/samsung_galaxy_a22","Samsung Galaxy A22"
"http://www.semanticweb.org/admin/ontologies/2025/2/smartdevices/tecno_spark_10_pro","Tecno Spark 10 Pro"
"http://www.semanticweb.org/admin/ontologies/2025/2/smartdevices/oppo_find_x2","Oppo Find X2"
"http://www.semanticweb.org/admin/ontologies/2025/2/smartdevices/oppo_reno8_z","Oppo Reno8 Z"
"http://www.semanticweb.org/admin/ontologies/2025/2/smartdevices/nokia_c30","Nokia C30"
"http://www.semanticweb.org/admin/ontologies/2025/2/smartdevices/xiaomi_poco_x3_nfc","Xiaomi Poco X3 NFC"
"http://www.semanticweb.org/admin/ontologies/2025/2/smartdevices/xiaomi_redmi_9c","Xiaomi Redmi 9C"
"http://www.semanticweb.org/admin/ontologies/2025/2/smartdevices/apple_iphone_xr","Apple iPhone XR"
"http://www.semanticweb.org/admin/ontologies/2025/2/smartdevices/samsung_galaxy_s10_","Samsung Galaxy S10+"
"http://www.semanticweb.org/admin/ontologies/2025/2/smartdevices/xiaomi_redmi_9t","Xiaomi Redmi 9T"
"http://www.semanticweb.org/admin/ontologies/2025/2/smartdevices/oppo_a76","Oppo A76"
"http://www.semanticweb.org/admin/ontologies/2025/2/smartdevices/oppo_a74","Oppo A74"
"http://www.semanticweb.org/admin/ontologies/2025/2/smartdevices/samsung_galaxy_a03s","Samsung Galaxy A03s"
"http://www.semanticweb.org/admin/ontologies/2025/2/smartdevices/vivo_v23e","vivo V23e"
"http://www.semanticweb.org/admin/ontologies/2025/2/smartdevices/nokia_c32","Nokia C32"
"http://www.semanticweb.org/admin/ontologies/2025/2/smartdevices/vivo_y30","vivo Y30"
"http://www.semanticweb.org/admin/ontologies/2025/2/smartdevices/samsung_galaxy_a72","Samsung Galaxy A72"
"http://www.semanticweb.org/admin/ontologies/2025/2/smartdevices/asus_rog_phone_7_ultimate","Asus ROG Phone 7 Ultimate"
"http://www.semanticweb.org/admin/ontologies/2025/2/smartdevices/xiaomi_redmi_note_9","Xiaomi Redmi Note 9"
"http://www.semanticweb.org/admin/ontologies/2025/2/smartdevices/vivo_y21","vivo Y21"
"http://www.semanticweb.org/admin/ontologies/2025/2/smartdevices/oppo_reno4_pro","Oppo Reno4 Pro"
"http://www.semanticweb.org/admin/ontologies/2025/2/smartdevices/samsung_galaxy_s22_5g","Samsung Galaxy S22 5G"
"http://www.semanticweb.org/admin/ontologies/2025/2/smartdevices/xiaomi_poco_x5_pro","Xiaomi Poco X5 Pro"
"http://www.semanticweb.org/admin/ontologies/2025/2/smartdevices/realme_c35","Realme C35"
"http://www.semanticweb.org/admin/ontologies/2025/2/smartdevices/vivo_y20s","vivo Y20s"
"http://www.semanticweb.org/admin/ontologies/2025/2/smartdevices/xiaomi_poco_x4_gt","Xiaomi Poco X4 GT"
"http://www.semanticweb.org/admin/ontologies/2025/2/smartdevices/xiaomi_redmi_10c","Xiaomi Redmi 10C"
"http://www.semanticweb.org/admin/ontologies/2025/2/smartdevices/vivo_y72_5g","vivo Y72 5G"
"http://www.semanticweb.org/admin/ontologies/2025/2/smartdevices/realme_c17","Realme C17"
"http://www.semanticweb.org/admin/ontologies/2025/2/smartdevices/oppo_a16","Oppo A16"
"http://www.semanticweb.org/admin/ontologies/2025/2/smartdevices/realme_6","Realme 6"
"http://www.semanticweb.org/admin/ontologies/2025/2/smartdevices/apple_iphone_11_pro_max","Apple iPhone 11 Pro Max"
"http://www.semanticweb.org/admin/ontologies/2025/2/smartdevices/vivo_v19","vivo V19"
"http://www.semanticweb.org/admin/ontologies/2025/2/smartdevices/xiaomi_13_lite","Xiaomi 13 Lite"
"http://www.semanticweb.org/admin/ontologies/2025/2/smartdevices/xiaomi_poco_f4","Xiaomi Poco F4"
"http://www.semanticweb.org/admin/ontologies/2025/2/smartdevices/samsung_galaxy_a30s","Samsung Galaxy A30s"
"http://www.semanticweb.org/admin/ontologies/2025/2/smartdevices/xiaomi_redmi_10a","Xiaomi Redmi 10A"
"http://www.semanticweb.org/admin/ontologies/2025/2/smartdevices/asus_rog_phone_6_batman_edition","Asus ROG Phone 6 Batman Edition"
"http://www.semanticweb.org/admin/ontologies/2025/2/smartdevices/nokia_8000_4g","Nokia 8000 4G"
"http://www.semanticweb.org/admin/ontologies/2025/2/smartdevices/realme_8","Realme 8"
"http://www.semanticweb.org/admin/ontologies/2025/2/smartdevices/vivo_v23_5g","vivo V23 5G"
"http://www.semanticweb.org/admin/ontologies/2025/2/smartdevices/xiaomi_redmi_note_9_pro","Xiaomi Redmi Note 9 Pro"
"http://www.semanticweb.org/admin/ontologies/2025/2/smartdevices/tecno_spark_8c","Tecno Spark 8C"
"http://www.semanticweb.org/admin/ontologies/2025/2/smartdevices/xiaomi_redmi_a1","Xiaomi Redmi A1"
"http://www.semanticweb.org/admin/ontologies/2025/2/smartdevices/vivo_y22s","vivo Y22s"
"http://www.semanticweb.org/admin/ontologies/2025/2/smartdevices/samsung_galaxy_m32","Samsung Galaxy M32"
"http://www.semanticweb.org/admin/ontologies/2025/2/smartdevices/oppo_reno7_5g","Oppo Reno7 5G"
"http://www.semanticweb.org/admin/ontologies/2025/2/smartdevices/tecno_pova_neo","Tecno Pova Neo"
"http://www.semanticweb.org/admin/ontologies/2025/2/smartdevices/xiaomi_14_pro","Xiaomi 14 Pro"
"http://www.semanticweb.org/admin/ontologies/2025/2/smartdevices/tecno_camon_20_pro","Tecno Camon 20 Pro"
"http://www.semanticweb.org/admin/ontologies/2025/2/smartdevices/vivo_y15s","vivo Y15s"
"http://www.semanticweb.org/admin/ontologies/2025/2/smartdevices/realme_c25","Realme C25"
"http://www.semanticweb.org/admin/ontologies/2025/2/smartdevices/vivo_y33s","vivo Y33s"
"http://www.semanticweb.org/admin/ontologies/2025/2/smartdevices/oppo_a16k","Oppo A16K"
"http://www.semanticweb.org/admin/ontologies/2025/2/smartdevices/tecno_spark_7t","Tecno Spark 7T"
"http://www.semanticweb.org/admin/ontologies/2025/2/smartdevices/tecno_pop_5","Tecno Pop 5"
"http://www.semanticweb.org/admin/ontologies/2025/2/smartdevices/samsung_galaxy_s21_ultra_5g","Samsung Galaxy S21 Ultra 5G"
"http://www.semanticweb.org/admin/ontologies/2025/2/smartdevices/zte_blade_a72","ZTE Blade A72"
"http://www.semanticweb.org/admin/ontologies/2025/2/smartdevices/realme_c21y","Realme C21Y"
"http://www.semanticweb.org/admin/ontologies/2025/2/smartdevices/realme_7i","Realme 7i"
"http://www.semanticweb.org/admin/ontologies/2025/2/smartdevices/tecno_spark_10","Tecno Spark 10"
"http://www.semanticweb.org/admin/ontologies/2025/2/smartdevices/vivo_x60_pro_","vivo X60 Pro+"
"http://www.semanticweb.org/admin/ontologies/2025/2/smartdevices/realme_c15","Realme C15"
"http://www.semanticweb.org/admin/ontologies/2025/2/smartdevices/xiaomi_redmi_10_5g","Xiaomi Redmi 10 5G"
"http://www.semanticweb.org/admin/ontologies/2025/2/smartdevices/samsung_galaxy_z_flip","Samsung Galaxy Z Flip"
"http://www.semanticweb.org/admin/ontologies/2025/2/smartdevices/vivo_y21s","vivo Y21s"
"http://www.semanticweb.org/admin/ontologies/2025/2/smartdevices/samsung_galaxy_a01_core","Samsung Galaxy A01 Core"
"http://www.semanticweb.org/admin/ontologies/2025/2/smartdevices/vivo_y35","vivo Y35"
"http://www.semanticweb.org/admin/ontologies/2025/2/smartdevices/vivo_x80_pro","vivo X80 Pro"
"http://www.semanticweb.org/admin/ontologies/2025/2/smartdevices/huawei_nova_5t","Huawei nova 5T"
"http://www.semanticweb.org/admin/ontologies/2025/2/smartdevices/realme_9i","Realme 9i"
"http://www.semanticweb.org/admin/ontologies/2025/2/smartdevices/oppo_a94","Oppo A94"
"http://www.semanticweb.org/admin/ontologies/2025/2/smartdevices/nokia_6300_4g","Nokia 6300 4G"
"http://www.semanticweb.org/admin/ontologies/2025/2/smartdevices/infinix_note_30_5g","Infinix Note 30 5G"
"http://www.semanticweb.org/admin/ontologies/2025/2/smartdevices/nokia_c20","Nokia C20"
"http://www.semanticweb.org/admin/ontologies/2025/2/smartdevices/xiaomi_poco_x3_gt","Xiaomi Poco X3 GT"
"http://www.semanticweb.org/admin/ontologies/2025/2/smartdevices/realme_c12","Realme C12"
"http://www.semanticweb.org/admin/ontologies/2025/2/smartdevices/vivo_t1_5g","vivo T1 5G"
"http://www.semanticweb.org/admin/ontologies/2025/2/smartdevices/oppo_find_x3_pro","Oppo Find X3 Pro"
"http://www.semanticweb.org/admin/ontologies/2025/2/smartdevices/oppo_a17","Oppo A17"
"http://www.semanticweb.org/admin/ontologies/2025/2/smartdevices/realme_7_pro","Realme 7 Pro"
"http://www.semanticweb.org/admin/ontologies/2025/2/smartdevices/realme_8_pro","Realme 8 Pro"
"http://www.semanticweb.org/admin/ontologies/2025/2/smartdevices/samsung_galaxy_m14","Samsung Galaxy M14"
"http://www.semanticweb.org/admin/ontologies/2025/2/smartdevices/xiaomi_redmi_a2","Xiaomi Redmi A2"
"http://www.semanticweb.org/admin/ontologies/2025/2/smartdevices/samsung_galaxy_s21__5g","Samsung Galaxy S21+ 5G"
"http://www.semanticweb.org/admin/ontologies/2025/2/smartdevices/apple_iphone_11_pro","Apple iPhone 11 Pro"
"http://www.semanticweb.org/admin/ontologies/2025/2/smartdevices/samsung_galaxy_z_flip3_5g","Samsung Galaxy Z Flip3 5G"
"http://www.semanticweb.org/admin/ontologies/2025/2/smartdevices/nokia_110_4g","Nokia 110 4G"
"http://www.semanticweb.org/admin/ontologies/2025/2/smartdevices/xiaomi_redmi_note_8","Xiaomi Redmi Note 8"
"http://www.semanticweb.org/admin/ontologies/2025/2/smartdevices/vivo_x80","vivo X80"
"http://www.semanticweb.org/admin/ontologies/2025/2/smartdevices/samsung_galaxy_m52_5g","Samsung Galaxy M52 5G"
"http://www.semanticweb.org/admin/ontologies/2025/2/smartdevices/zte_blade_a54","ZTE Blade A54"
"http://www.semanticweb.org/admin/ontologies/2025/2/smartdevices/nokia_3_4","Nokia 3.4"
"http://www.semanticweb.org/admin/ontologies/2025/2/smartdevices/apple_iphone_xs_max","Apple iPhone XS Max"
"http://www.semanticweb.org/admin/ontologies/2025/2/smartdevices/xiaomi_redmi_8a","Xiaomi Redmi 8A"
"http://www.semanticweb.org/admin/ontologies/2025/2/smartdevices/xiaomi_redmi_9","Xiaomi Redmi 9"
"http://www.semanticweb.org/admin/ontologies/2025/2/smartdevices/apple_iphone_12","Apple iPhone 12"
"http://www.semanticweb.org/admin/ontologies/2025/2/smartdevices/vivo_v27e","vivo V27e"
"http://www.semanticweb.org/admin/ontologies/2025/2/smartdevices/nokia_2660_flip","Nokia 2660 Flip"
"http://www.semanticweb.org/admin/ontologies/2025/2/smartdevices/zte_blade_a31_plus","ZTE Blade A31 Plus"
"http://www.semanticweb.org/admin/ontologies/2025/2/smartdevices/vivo_y02","vivo Y02"
"http://www.semanticweb.org/admin/ontologies/2025/2/smartdevices/apple_iphone_8","Apple iPhone 8"
"http://www.semanticweb.org/admin/ontologies/2025/2/smartdevices/nokia_c21_plus","Nokia C21 Plus"
"http://www.semanticweb.org/admin/ontologies/2025/2/smartdevices/realme_9_pro","Realme 9 Pro"
"http://www.semanticweb.org/admin/ontologies/2025/2/smartdevices/vivo_u10","vivo U10"
"http://www.semanticweb.org/admin/ontologies/2025/2/smartdevices/nokia_g21","Nokia G21"
"http://www.semanticweb.org/admin/ontologies/2025/2/smartdevices/nokia_g22","Nokia G22"
"http://www.semanticweb.org/admin/ontologies/2025/2/smartdevices/vivo_y53s","vivo Y53s"
"http://www.semanticweb.org/admin/ontologies/2025/2/smartdevices/vivo_t1x","vivo T1x"
"http://www.semanticweb.org/admin/ontologies/2025/2/smartdevices/oneplus_nord_ce_5g","OnePlus Nord CE 5G"
"http://www.semanticweb.org/admin/ontologies/2025/2/smartdevices/apple_iphone_15_pro","Apple iPhone 15 Pro"
"http://www.semanticweb.org/admin/ontologies/2025/2/smartdevices/oneplus_nord_n10_5g","OnePlus Nord N10 5G"
"http://www.semanticweb.org/admin/ontologies/2025/2/smartdevices/realme_5s","Realme 5s"
"http://www.semanticweb.org/admin/ontologies/2025/2/smartdevices/cat_s62_pro","Cat S62 Pro"
"http://www.semanticweb.org/admin/ontologies/2025/2/smartdevices/realme_c25y","Realme C25Y"
"http://www.semanticweb.org/admin/ontologies/2025/2/smartdevices/vivo_v20_se","vivo V20 SE"
"http://www.semanticweb.org/admin/ontologies/2025/2/smartdevices/nokia_5_4","Nokia 5.4"
"http://www.semanticweb.org/admin/ontologies/2025/2/smartdevices/realme_c30s","Realme C30s"
"http://www.semanticweb.org/admin/ontologies/2025/2/smartdevices/nokia_215_4g","Nokia 215 4G"
"http://www.semanticweb.org/admin/ontologies/2025/2/smartdevices/realme_8_5g","Realme 8 5G"
"http://www.semanticweb.org/admin/ontologies/2025/2/smartdevices/oneplus_8t__5g","OnePlus 8T+ 5G"
"http://www.semanticweb.org/admin/ontologies/2025/2/smartdevices/nokia_c31","Nokia C31"
"http://www.semanticweb.org/admin/ontologies/2025/2/smartdevices/xiaomi_mi_note_10_pro","Xiaomi Mi Note 10 Pro"
"http://www.semanticweb.org/admin/ontologies/2025/2/smartdevices/nokia_g11_plus","Nokia G11 Plus"
"http://www.semanticweb.org/admin/ontologies/2025/2/smartdevices/realme_c3","Realme C3"
"http://www.semanticweb.org/admin/ontologies/2025/2/smartdevices/samsung_galaxy_a15_5g","Samsung Galaxy A15 5G"
"http://www.semanticweb.org/admin/ontologies/2025/2/smartdevices/nokia_2_4","Nokia 2.4"
"http://www.semanticweb.org/admin/ontologies/2025/2/smartdevices/realme_c33","Realme C33"
"http://www.semanticweb.org/admin/ontologies/2025/2/smartdevices/vivo_y20_2021","vivo Y20 2021"
"http://www.semanticweb.org/admin/ontologies/2025/2/smartdevices/vivo_y02s","vivo Y02s"
"http://www.semanticweb.org/admin/ontologies/2025/2/smartdevices/apple_iphone_7_plus","Apple iPhone 7 Plus"
"http://www.semanticweb.org/admin/ontologies/2025/2/smartdevices/vivo_x50_pro","vivo X50 Pro"
"http://www.semanticweb.org/admin/ontologies/2025/2/smartdevices/oppo_k3","Oppo K3"
"http://www.semanticweb.org/admin/ontologies/2025/2/smartdevices/samsung_galaxy_a20s","Samsung Galaxy A20s"
"http://www.semanticweb.org/admin/ontologies/2025/2/smartdevices/xiaomi_mi_note_10_lite","Xiaomi Mi Note 10 Lite"
"http://www.semanticweb.org/admin/ontologies/2025/2/smartdevices/tecno_phantom_v_fold","Tecno Phantom V Fold"
"http://www.semanticweb.org/admin/ontologies/2025/2/smartdevices/nokia_5310__2024_","Nokia 5310 (2024)"
"http://www.semanticweb.org/admin/ontologies/2025/2/smartdevices/realme_narzo_30a","Realme Narzo 30A"
"http://www.semanticweb.org/admin/ontologies/2025/2/smartdevices/tecno_spark_go","Tecno Spark Go"
"http://www.semanticweb.org/admin/ontologies/2025/2/smartdevices/vivo_y02a","vivo Y02A"
"http://www.semanticweb.org/admin/ontologies/2025/2/smartdevices/samsung_galaxy_a10s","Samsung Galaxy A10s"
"http://www.semanticweb.org/admin/ontologies/2025/2/smartdevices/xiaomi_mix_4","Xiaomi Mix 4"
"http://www.semanticweb.org/admin/ontologies/2025/2/smartdevices/samsung_galaxy_a52_5g","Samsung Galaxy A52 5G"
"http://www.semanticweb.org/admin/ontologies/2025/2/smartdevices/xiaomi_redmi_8","Xiaomi Redmi 8"
"http://www.semanticweb.org/admin/ontologies/2025/2/smartdevices/xiaomi_redmi_note_6_pro","Xiaomi Redmi Note 6 Pro"
"http://www.semanticweb.org/admin/ontologies/2025/2/smartdevices/xiaomi_14","Xiaomi 14"
"http://www.semanticweb.org/admin/ontologies/2025/2/smartdevices/nokia_g10","Nokia G10"
"http://www.semanticweb.org/admin/ontologies/2025/2/smartdevices/realme_x2","Realme X2"
"http://www.semanticweb.org/admin/ontologies/2025/2/smartdevices/realme_x2_pro","Realme X2 Pro"
"http://www.semanticweb.org/admin/ontologies/2025/2/smartdevices/samsung_galaxy_a90_5g","Samsung Galaxy A90 5G"
"http://www.semanticweb.org/admin/ontologies/2025/2/smartdevices/oppo_a91","Oppo A91"
"http://www.semanticweb.org/admin/ontologies/2025/2/smartdevices/realme_x50_pro_5g","Realme X50 Pro 5G"
"http://www.semanticweb.org/admin/ontologies/2025/2/smartdevices/samsung_galaxy_a70s","Samsung Galaxy A70s"
"http://www.semanticweb.org/admin/ontologies/2025/2/smartdevices/cat_b40","Cat B40"
"http://www.semanticweb.org/admin/ontologies/2025/2/smartdevices/oppo_reno5_f","Oppo Reno5 F"
"http://www.semanticweb.org/admin/ontologies/2025/2/smartdevices/nokia_7_3","Nokia 7.3"
"http://www.semanticweb.org/admin/ontologies/2025/2/smartdevices/oneplus_9r","OnePlus 9R"
"http://www.semanticweb.org/admin/ontologies/2025/2/smartdevices/oppo_reno_ace","Oppo Reno Ace"
"http://www.semanticweb.org/admin/ontologies/2025/2/smartdevices/cat_s42_h_","Cat S42 H+"
"http://www.semanticweb.org/admin/ontologies/2025/2/smartdevices/realme_c2","Realme C2"
"http://www.semanticweb.org/admin/ontologies/2025/2/smartdevices/honor_8c","Honor 8C"
"http://www.semanticweb.org/admin/ontologies/2025/2/smartdevices/huawei_nova_8i","Huawei nova 8i"
"http://www.semanticweb.org/admin/ontologies/2025/2/smartdevices/nokia_800_tough","Nokia 800 Tough"
"http://www.semanticweb.org/admin/ontologies/2025/2/smartdevices/oppo_a12e","Oppo A12e"
"http://www.semanticweb.org/admin/ontologies/2025/2/smartdevices/oppo_k5","Oppo K5"
"http://www.semanticweb.org/admin/ontologies/2025/2/smartdevices/oppo_reno_z","Oppo Reno Z"
"http://www.semanticweb.org/admin/ontologies/2025/2/smartdevices/vivo_v15","vivo V15"
"http://www.semanticweb.org/admin/ontologies/2025/2/smartdevices/xiaomi_mi_a2__mi_6x_","Xiaomi Mi A2 (Mi 6X)"
"http://www.semanticweb.org/admin/ontologies/2025/2/smartdevices/xiaomi_redmi_note_10_pro_max","Xiaomi Redmi Note 10 Pro Max"
"http://www.semanticweb.org/admin/ontologies/2025/2/smartdevices/oppo_find_x2_pro","Oppo Find X2 Pro"
"http://www.semanticweb.org/admin/ontologies/2025/2/smartdevices/oppo_a31","Oppo A31"
"http://www.semanticweb.org/admin/ontologies/2025/2/smartdevices/oppo_a92","Oppo A92"
"http://www.semanticweb.org/admin/ontologies/2025/2/smartdevices/realme_3i","Realme 3i"
"http://www.semanticweb.org/admin/ontologies/2025/2/smartdevices/samsung_galaxy_a50s","Samsung Galaxy A50s"
"http://www.semanticweb.org/admin/ontologies/2025/2/smartdevices/samsung_galaxy_m40","Samsung Galaxy M40"
"http://www.semanticweb.org/admin/ontologies/2025/2/smartdevices/samsung_galaxy_s10_lite","Samsung Galaxy S10 Lite"
"http://www.semanticweb.org/admin/ontologies/2025/2/smartdevices/samsung_galaxy_m21s","Samsung Galaxy M21s"
"http://www.semanticweb.org/admin/ontologies/2025/2/smartdevices/oppo_a52","Oppo A52"
"http://www.semanticweb.org/admin/ontologies/2025/2/smartdevices/apple_iphone_5s","Apple iPhone 5s"
"http://www.semanticweb.org/admin/ontologies/2025/2/smartdevices/honor_7a","Honor 7A"
"http://www.semanticweb.org/admin/ontologies/2025/2/smartdevices/xiaomi_mi_play","Xiaomi Mi Play"
"http://www.semanticweb.org/admin/ontologies/2025/2/smartdevices/asus_zenfone_max_pro__m2__zb631kl","Asus Zenfone Max Pro (M2) ZB631KL"
"http://www.semanticweb.org/admin/ontologies/2025/2/smartdevices/samsung_galaxy_s8","Samsung Galaxy S8"
"http://www.semanticweb.org/admin/ontologies/2025/2/smartdevices/nokia_6_2","Nokia 6.2"
"http://www.semanticweb.org/admin/ontologies/2025/2/smartdevices/huawei_nova_7i","Huawei nova 7i"
"http://www.semanticweb.org/admin/ontologies/2025/2/smartdevices/vivo_s1_pro","vivo S1 Pro"
"http://www.semanticweb.org/admin/ontologies/2025/2/smartdevices/realme_c25s","Realme C25s"
"http://www.semanticweb.org/admin/ontologies/2025/2/smartdevices/nokia_c2","Nokia C2"
"http://www.semanticweb.org/admin/ontologies/2025/2/smartdevices/realme_c3i","Realme C3i"
"http://www.semanticweb.org/admin/ontologies/2025/2/smartdevices/nokia_5_3","Nokia 5.3"
"http://www.semanticweb.org/admin/ontologies/2025/2/smartdevices/huawei_y6p","Huawei Y6p"
"http://www.semanticweb.org/admin/ontologies/2025/2/smartdevices/oppo_reno4","Oppo Reno4"
"http://www.semanticweb.org/admin/ontologies/2025/2/smartdevices/nokia_8_3_5g","Nokia 8.3 5G"
"http://www.semanticweb.org/admin/ontologies/2025/2/smartdevices/vivo_y19","vivo Y19"
"http://www.semanticweb.org/admin/ontologies/2025/2/smartdevices/vivo_y50","vivo Y50"
"http://www.semanticweb.org/admin/ontologies/2025/2/smartdevices/oppo_a53","Oppo A53"
"http://www.semanticweb.org/admin/ontologies/2025/2/smartdevices/realme_xt","Realme XT"
"http://www.semanticweb.org/admin/ontologies/2025/2/smartdevices/nokia_2720_flip","Nokia 2720 Flip"
"http://www.semanticweb.org/admin/ontologies/2025/2/smartdevices/nokia_2_3","Nokia 2.3"
"http://www.semanticweb.org/admin/ontologies/2025/2/smartdevices/xiaomi_mi_9_lite","Xiaomi Mi 9 Lite"
"http://www.semanticweb.org/admin/ontologies/2025/2/smartdevices/honor_10","Honor 10"
"http://www.semanticweb.org/admin/ontologies/2025/2/smartdevices/honor_9_lite","Honor 9 Lite"
"http://www.semanticweb.org/admin/ontologies/2025/2/smartdevices/xiaomi_mi_8","Xiaomi Mi 8"
"http://www.semanticweb.org/admin/ontologies/2025/2/smartdevices/nokia_3_1","Nokia 3.1"
"http://www.semanticweb.org/admin/ontologies/2025/2/smartdevices/xiaomi_redmi_6","Xiaomi Redmi 6"
"http://www.semanticweb.org/admin/ontologies/2025/2/smartdevices/xiaomi_mi_a2_lite__redmi_6_pro_","Xiaomi Mi A2 Lite (Redmi 6 Pro)"
"http://www.semanticweb.org/admin/ontologies/2025/2/smartdevices/samsung_galaxy_note9","Samsung Galaxy Note9"
"http://www.semanticweb.org/admin/ontologies/2025/2/smartdevices/samsung_galaxy_a7__2018_","Samsung Galaxy A7 (2018)"
"http://www.semanticweb.org/admin/ontologies/2025/2/smartdevices/samsung_galaxy_a9__2018_","Samsung Galaxy A9 (2018)"
"http://www.semanticweb.org/admin/ontologies/2025/2/smartdevices/huawei_mate_20","Huawei Mate 20"
"http://www.semanticweb.org/admin/ontologies/2025/2/smartdevices/honor_8x","Honor 8X"
"http://www.semanticweb.org/admin/ontologies/2025/2/smartdevices/oppo_a7","Oppo A7"
"http://www.semanticweb.org/admin/ontologies/2025/2/smartdevices/blackberry_key2_le","BlackBerry KEY2 LE"
"http://www.semanticweb.org/admin/ontologies/2025/2/smartdevices/honor_10_lite","Honor 10 Lite"
"http://www.semanticweb.org/admin/ontologies/2025/2/smartdevices/samsung_galaxy_a30","Samsung Galaxy A30"
"http://www.semanticweb.org/admin/ontologies/2025/2/smartdevices/huawei_p30_pro","Huawei P30 Pro"
"http://www.semanticweb.org/admin/ontologies/2025/2/smartdevices/xiaomi_mi_9_se","Xiaomi Mi 9 SE"
"http://www.semanticweb.org/admin/ontologies/2025/2/smartdevices/xiaomi_mi_9","Xiaomi Mi 9"
"http://www.semanticweb.org/admin/ontologies/2025/2/smartdevices/samsung_galaxy_a20","Samsung Galaxy A20"
"http://www.semanticweb.org/admin/ontologies/2025/2/smartdevices/xiaomi_redmi_7","Xiaomi Redmi 7"
"http://www.semanticweb.org/admin/ontologies/2025/2/smartdevices/xiaomi_redmi_note_7","Xiaomi Redmi Note 7"
"http://www.semanticweb.org/admin/ontologies/2025/2/smartdevices/samsung_galaxy_s10e","Samsung Galaxy S10e"
"http://www.semanticweb.org/admin/ontologies/2025/2/smartdevices/samsung_galaxy_a50","Samsung Galaxy A50"
"http://www.semanticweb.org/admin/ontologies/2025/2/smartdevices/huawei_y9_prime__2019_","Huawei Y9 Prime (2019)"
"http://www.semanticweb.org/admin/ontologies/2025/2/smartdevices/xiaomi_redmi_7a","Xiaomi Redmi 7A"
"http://www.semanticweb.org/admin/ontologies/2025/2/smartdevices/xiaomi_mi_9t","Xiaomi Mi 9T"
"http://www.semanticweb.org/admin/ontologies/2025/2/smartdevices/samsung_galaxy_a8_star__a9_star_","Samsung Galaxy A8 Star (A9 Star)"
"http://www.semanticweb.org/admin/ontologies/2025/2/smartdevices/xiaomi_mi_8_pro","Xiaomi Mi 8 Pro"
"http://www.semanticweb.org/admin/ontologies/2025/2/smartdevices/realme_2_pro","Realme 2 Pro"
"http://www.semanticweb.org/admin/ontologies/2025/2/smartdevices/samsung_galaxy_s10","Samsung Galaxy S10"
"http://www.semanticweb.org/admin/ontologies/2025/2/smartdevices/samsung_galaxy_j2_core","Samsung Galaxy J2 Core"
"http://www.semanticweb.org/admin/ontologies/2025/2/smartdevices/honor_7c","Honor 7C"
"http://www.semanticweb.org/admin/ontologies/2025/2/smartdevices/vivo_y20","vivo Y20"
"http://www.semanticweb.org/admin/ontologies/2025/2/smartdevices/realme_5","Realme 5"
"http://www.semanticweb.org/admin/ontologies/2025/2/smartdevices/oppo_reno3_pro","Oppo Reno3 Pro"
"http://www.semanticweb.org/admin/ontologies/2025/2/smartdevices/huawei_p40_pro","Huawei P40 Pro"
"http://www.semanticweb.org/admin/ontologies/2025/2/smartdevices/realme_6i","Realme 6i"
"http://www.semanticweb.org/admin/ontologies/2025/2/smartdevices/xiaomi_poco_x4_pro_5g","Xiaomi Poco X4 Pro 5G"
"http://www.semanticweb.org/admin/ontologies/2025/2/smartdevices/samsung_galaxy_a80","Samsung Galaxy A80"
"http://www.semanticweb.org/admin/ontologies/2025/2/smartdevices/realme_3","Realme 3"
"http://www.semanticweb.org/admin/ontologies/2025/2/smartdevices/vivo_y93","vivo Y93"
"http://www.semanticweb.org/admin/ontologies/2025/2/smartdevices/nokia_2_2","Nokia 2.2"
"http://www.semanticweb.org/admin/ontologies/2025/2/smartdevices/realme_c20","Realme C20"
"http://www.semanticweb.org/admin/ontologies/2025/2/smartdevices/realme_2","Realme 2"
"http://www.semanticweb.org/admin/ontologies/2025/2/smartdevices/oppo_f9__f9_pro_","Oppo F9 (F9 Pro)"
"http://www.semanticweb.org/admin/ontologies/2025/2/smartdevices/apple_iphone_x","Apple iPhone X"
"http://www.semanticweb.org/admin/ontologies/2025/2/smartdevices/apple_iphone_6","Apple iPhone 6"
"http://www.semanticweb.org/admin/ontologies/2025/2/smartdevices/apple_iphone_xs","Apple iPhone XS"
"http://www.semanticweb.org/admin/ontologies/2025/2/smartdevices/xiaomi_12s","Xiaomi 12S"
"http://www.semanticweb.org/admin/ontologies/2025/2/smartdevices/xiaomi_mi_mix_2s","Xiaomi Mi Mix 2S"
"http://www.semanticweb.org/admin/ontologies/2025/2/smartdevices/oppo_a53s","Oppo A53s"
"http://www.semanticweb.org/admin/ontologies/2025/2/smartdevices/samsung_galaxy_m51","Samsung Galaxy M51"
"http://www.semanticweb.org/admin/ontologies/2025/2/smartdevices/oppo_reno2_z","Oppo Reno2 Z"
"http://www.semanticweb.org/admin/ontologies/2025/2/smartdevices/realme_x","Realme X"
"http://www.semanticweb.org/admin/ontologies/2025/2/smartdevices/huawei_mate_x","Huawei Mate X"
"http://www.semanticweb.org/admin/ontologies/2025/2/smartdevices/nokia_3_2","Nokia 3.2"
"http://www.semanticweb.org/admin/ontologies/2025/2/smartdevices/xiaomi_redmi_go","Xiaomi Redmi Go"
"http://www.semanticweb.org/admin/ontologies/2025/2/smartdevices/nokia_5_1","Nokia 5.1"
"http://www.semanticweb.org/admin/ontologies/2025/2/smartdevices/realme_9","Realme 9"
"http://www.semanticweb.org/admin/ontologies/2025/2/smartdevices/samsung_galaxy_xcover6_pro","Samsung Galaxy XCover6 Pro"
"http://www.semanticweb.org/admin/ontologies/2025/2/smartdevices/oppo_reno4_se","Oppo Reno4 SE"
"http://www.semanticweb.org/admin/ontologies/2025/2/smartdevices/oppo_find_x3","Oppo Find X3"
"http://www.semanticweb.org/admin/ontologies/2025/2/smartdevices/samsung_galaxy_a70","Samsung Galaxy A70"
"http://www.semanticweb.org/admin/ontologies/2025/2/smartdevices/xiaomi_mi_max_3","Xiaomi Mi Max 3"
"http://www.semanticweb.org/admin/ontologies/2025/2/smartdevices/oppo_a11","Oppo A11"
"http://www.semanticweb.org/admin/ontologies/2025/2/smartdevices/oppo_a32","Oppo A32"
"http://www.semanticweb.org/admin/ontologies/2025/2/smartdevices/nokia_7_2","Nokia 7.2"
"http://www.semanticweb.org/admin/ontologies/2025/2/smartdevices/xiaomi_mi_10s","Xiaomi Mi 10S"
"http://www.semanticweb.org/admin/ontologies/2025/2/smartdevices/xiaomi_redmi_k20_pro","Xiaomi Redmi K20 Pro"
"http://www.semanticweb.org/admin/ontologies/2025/2/smartdevices/samsung_galaxy_note_4","Samsung Galaxy Note 4"
"http://www.semanticweb.org/admin/ontologies/2025/2/smartdevices/xiaomi_poco_f3","Xiaomi Poco F3"
"http://www.semanticweb.org/admin/ontologies/2025/2/smartdevices/nokia_5710_xpressaudio","Nokia 5710 XpressAudio"
"http://www.semanticweb.org/admin/ontologies/2025/2/smartdevices/huawei_nova_3","Huawei nova 3"
"http://www.semanticweb.org/admin/ontologies/2025/2/smartdevices/sharp_aquos_s3","Sharp Aquos S3"
"http://www.semanticweb.org/admin/ontologies/2025/2/smartdevices/oppo_a83","Oppo A83"
"http://www.semanticweb.org/admin/ontologies/2025/2/smartdevices/samsung_galaxy_s9_","Samsung Galaxy S9+"
"http://www.semanticweb.org/admin/ontologies/2025/2/smartdevices/samsung_galaxy_m20","Samsung Galaxy M20"
"http://www.semanticweb.org/admin/ontologies/2025/2/smartdevices/samsung_galaxy_fold","Samsung Galaxy Fold"
"http://www.semanticweb.org/admin/ontologies/2025/2/smartdevices/oppo_a5s__ax5s_","Oppo A5s (AX5s)"
"http://www.semanticweb.org/admin/ontologies/2025/2/smartdevices/huawei_mate_30_pro","Huawei Mate 30 Pro"
"http://www.semanticweb.org/admin/ontologies/2025/2/smartdevices/realme_6_pro","Realme 6 Pro"
"http://www.semanticweb.org/admin/ontologies/2025/2/smartdevices/realme_5i","Realme 5i"
"http://www.semanticweb.org/admin/ontologies/2025/2/smartdevices/samsung_galaxy_a34","Samsung Galaxy A34"
"http://www.semanticweb.org/admin/ontologies/2025/2/smartdevices/huawei_p40","Huawei P40"
"http://www.semanticweb.org/admin/ontologies/2025/2/smartdevices/samsung_galaxy_m21","Samsung Galaxy M21"
"http://www.semanticweb.org/admin/ontologies/2025/2/smartdevices/realme_c11","Realme C11"
"http://www.semanticweb.org/admin/ontologies/2025/2/smartdevices/vivo_y11__2019_","vivo Y11 (2019)"
"http://www.semanticweb.org/admin/ontologies/2025/2/smartdevices/samsung_galaxy_j4","Samsung Galaxy J4"
"http://www.semanticweb.org/admin/ontologies/2025/2/smartdevices/xiaomi_redmi_s2__redmi_y2_","Xiaomi Redmi S2 (Redmi Y2)"
"http://www.semanticweb.org/admin/ontologies/2025/2/smartdevices/nokia_2_1","Nokia 2.1"
"http://www.semanticweb.org/admin/ontologies/2025/2/smartdevices/xiaomi_redmi_6a","Xiaomi Redmi 6A"
"http://www.semanticweb.org/admin/ontologies/2025/2/smartdevices/honor_7s","Honor 7S"
"http://www.semanticweb.org/admin/ontologies/2025/2/smartdevices/xiaomi_pocophone_f1","Xiaomi Pocophone F1"
"http://www.semanticweb.org/admin/ontologies/2025/2/smartdevices/honor_play","Honor Play"
"http://www.semanticweb.org/admin/ontologies/2025/2/smartdevices/huawei_mate_20_pro","Huawei Mate 20 Pro"
"http://www.semanticweb.org/admin/ontologies/2025/2/smartdevices/realme_c1","Realme C1"
"http://www.semanticweb.org/admin/ontologies/2025/2/smartdevices/xiaomi_mi_mix_3","Xiaomi Mi Mix 3"
"http://www.semanticweb.org/admin/ontologies/2025/2/smartdevices/samsung_galaxy_j4_core","Samsung Galaxy J4 Core"
"http://www.semanticweb.org/admin/ontologies/2025/2/smartdevices/nokia_8_1__nokia_x7_","Nokia 8.1 (Nokia X7)"
"http://www.semanticweb.org/admin/ontologies/2025/2/smartdevices/oppo_rx17_pro","Oppo RX17 Pro"
"http://www.semanticweb.org/admin/ontologies/2025/2/smartdevices/nokia_150__2023_","Nokia 150 (2023)"
"http://www.semanticweb.org/admin/ontologies/2025/2/smartdevices/huawei_p30","Huawei P30"
"http://www.semanticweb.org/admin/ontologies/2025/2/smartdevices/huawei_p30_lite","Huawei P30 lite"
"http://www.semanticweb.org/admin/ontologies/2025/2/smartdevices/samsung_galaxy_a10","Samsung Galaxy A10"
"http://www.semanticweb.org/admin/ontologies/2025/2/smartdevices/nokia_210","Nokia 210"
"http://www.semanticweb.org/admin/ontologies/2025/2/smartdevices/nokia_3_1_plus","Nokia 3.1 Plus"
"http://www.semanticweb.org/admin/ontologies/2025/2/smartdevices/oppo_reno","Oppo Reno"
"http://www.semanticweb.org/admin/ontologies/2025/2/smartdevices/oppo_reno_10x_zoom","Oppo Reno 10x zoom"
"http://www.semanticweb.org/admin/ontologies/2025/2/smartdevices/vivo_y15","vivo Y15"
"http://www.semanticweb.org/admin/ontologies/2025/2/smartdevices/realme_3_pro","Realme 3 Pro"
"http://www.semanticweb.org/admin/ontologies/2025/2/smartdevices/oppo_reno3","Oppo Reno3"
"http://www.semanticweb.org/admin/ontologies/2025/2/smartdevices/realme_5_pro","Realme 5 Pro"
"http://www.semanticweb.org/admin/ontologies/2025/2/smartdevices/xiaomi_mi_a3","Xiaomi Mi A3"
"http://www.semanticweb.org/admin/ontologies/2025/2/smartdevices/oppo_reno2","Oppo Reno2"
"http://www.semanticweb.org/admin/ontologies/2025/2/smartdevices/samsung_galaxy_s22_ultra_5g","Samsung Galaxy S22 Ultra 5G"
"http://www.semanticweb.org/admin/ontologies/2025/2/smartdevices/oppo_a73","Oppo A73"
"http://www.semanticweb.org/admin/ontologies/2025/2/smartdevices/apple_iphone_6s","Apple iPhone 6s"
"http://www.semanticweb.org/admin/ontologies/2025/2/smartdevices/xiaomi_12x","Xiaomi 12X"
"http://www.semanticweb.org/admin/ontologies/2025/2/smartdevices/xiaomi_12s_pro","Xiaomi 12S Pro"
"http://www.semanticweb.org/admin/ontologies/2025/2/smartdevices/xiaomi_redmi_note_13_pro_4g","Xiaomi Redmi Note 13 Pro 4G"
"http://www.semanticweb.org/admin/ontologies/2025/2/smartdevices/xiaomi_redmi_note_13","Xiaomi Redmi Note 13"
"http://www.semanticweb.org/admin/ontologies/2025/2/smartdevices/xiaomi_14_ultra","Xiaomi 14 Ultra"
"http://www.semanticweb.org/admin/ontologies/2025/2/smartdevices/realme_narzo_50a","Realme Narzo 50A"
"http://www.semanticweb.org/admin/ontologies/2025/2/smartdevices/xiaomi_redmi_13c","Xiaomi Redmi 13C"
"http://www.semanticweb.org/admin/ontologies/2025/2/smartdevices/xiaomi_13t","Xiaomi 13T"
"http://www.semanticweb.org/admin/ontologies/2025/2/smartdevices/oppo_a78_4g","Oppo A78 4G"
"http://www.semanticweb.org/admin/ontologies/2025/2/smartdevices/oppo_a38","Oppo A38"
"http://www.semanticweb.org/admin/ontologies/2025/2/smartdevices/xiaomi_redmi_note_12","Xiaomi Redmi Note 12"
"http://www.semanticweb.org/admin/ontologies/2025/2/smartdevices/realme_gt_neo_3","Realme GT Neo 3"
"http://www.semanticweb.org/admin/ontologies/2025/2/smartdevices/xiaomi_redmi_k40","Xiaomi Redmi K40"
"http://www.semanticweb.org/admin/ontologies/2025/2/smartdevices/vivo_iqoo_z9_turbo","vivo iQOO Z9 Turbo"
"http://www.semanticweb.org/admin/ontologies/2025/2/smartdevices/samsung_galaxy_m34_5g","Samsung Galaxy M34 5G"
"http://www.semanticweb.org/admin/ontologies/2025/2/smartdevices/xiaomi_redmi_a3","Xiaomi Redmi A3"
"http://www.semanticweb.org/admin/ontologies/2025/2/smartdevices/samsung_galaxy_a73_5g","Samsung Galaxy A73 5G"
"http://www.semanticweb.org/admin/ontologies/2025/2/smartdevices/realme_q3_pro_5g","Realme Q3 Pro 5G"
"http://www.semanticweb.org/admin/ontologies/2025/2/smartdevices/infinix_note_40_pro","Infinix Note 40 Pro"
"http://www.semanticweb.org/admin/ontologies/2025/2/smartdevices/xiaomi_13","Xiaomi 13"
"http://www.semanticweb.org/admin/ontologies/2025/2/smartdevices/samsung_galaxy_z_flip5","Samsung Galaxy Z Flip5"
"http://www.semanticweb.org/admin/ontologies/2025/2/smartdevices/xiaomi_12t","Xiaomi 12T"
"http://www.semanticweb.org/admin/ontologies/2025/2/smartdevices/xiaomi_redmi_note_11_pro","Xiaomi Redmi Note 11 Pro"
"http://www.semanticweb.org/admin/ontologies/2025/2/smartdevices/oppo_reno10_pro_","Oppo Reno10 Pro+"
"http://www.semanticweb.org/admin/ontologies/2025/2/smartdevices/samsung_galaxy_s24_fe","Samsung Galaxy S24 FE"
"http://www.semanticweb.org/admin/ontologies/2025/2/smartdevices/xiaomi_15","Xiaomi 15"
"http://www.semanticweb.org/admin/ontologies/2025/2/smartdevices/samsung_galaxy_a56","Samsung Galaxy A56"
"http://www.semanticweb.org/admin/ontologies/2025/2/smartdevices/nothing_phone__2a_","Nothing Phone (2a)"
"http://www.semanticweb.org/admin/ontologies/2025/2/smartdevices/xiaomi_poco_x7_pro","Xiaomi Poco X7 Pro"
"http://www.semanticweb.org/admin/ontologies/2025/2/smartdevices/xiaomi_redmi_note_14_pro__5g","Xiaomi Redmi Note 14 Pro+ 5G"
"http://www.semanticweb.org/admin/ontologies/2025/2/smartdevices/samsung_galaxy_a36","Samsung Galaxy A36"
"http://www.semanticweb.org/admin/ontologies/2025/2/smartdevices/samsung_galaxy_a55","Samsung Galaxy A55"
"http://www.semanticweb.org/admin/ontologies/2025/2/smartdevices/infinix_hot_50_pro__4g","Infinix Hot 50 Pro+ 4G"
"http://www.semanticweb.org/admin/ontologies/2025/2/smartdevices/zte_nubia_neo_2","ZTE nubia Neo 2"
"http://www.semanticweb.org/admin/ontologies/2025/2/smartdevices/samsung_galaxy_s25_","Samsung Galaxy S25+"
"http://www.semanticweb.org/admin/ontologies/2025/2/smartdevices/samsung_galaxy_a35","Samsung Galaxy A35"
"http://www.semanticweb.org/admin/ontologies/2025/2/smartdevices/realme_13_","Realme 13+"
"http://www.semanticweb.org/admin/ontologies/2025/2/smartdevices/samsung_galaxy_a26","Samsung Galaxy A26"
"http://www.semanticweb.org/admin/ontologies/2025/2/smartdevices/xiaomi_poco_x6_pro","Xiaomi Poco X6 Pro"
"http://www.semanticweb.org/admin/ontologies/2025/2/smartdevices/samsung_galaxy_a25","Samsung Galaxy A25"
"http://www.semanticweb.org/admin/ontologies/2025/2/smartdevices/samsung_galaxy_s24_","Samsung Galaxy S24+"
"http://www.semanticweb.org/admin/ontologies/2025/2/smartdevices/oppo_a79","Oppo A79"
"http://www.semanticweb.org/admin/ontologies/2025/2/smartdevices/oppo_find_x5_pro","Oppo Find X5 Pro"
"http://www.semanticweb.org/admin/ontologies/2025/2/smartdevices/itel_p55_","itel P55+"
"http://www.semanticweb.org/admin/ontologies/2025/2/smartdevices/nokia_3210","Nokia 3210"
"http://www.semanticweb.org/admin/ontologies/2025/2/smartdevices/samsung_galaxy_s23_","Samsung Galaxy S23+"
"http://www.semanticweb.org/admin/ontologies/2025/2/smartdevices/xiaomi_redmi_note_12_pro","Xiaomi Redmi Note 12 Pro"
"http://www.semanticweb.org/admin/ontologies/2025/2/smartdevices/vivo_v30","vivo V30"
"http://www.semanticweb.org/admin/ontologies/2025/2/smartdevices/xiaomi_mi_11","Xiaomi Mi 11"
"http://www.semanticweb.org/admin/ontologies/2025/2/smartdevices/zte_nubia_redmagic_8s_pro","ZTE nubia RedMagic 8S Pro"
"http://www.semanticweb.org/admin/ontologies/2025/2/smartdevices/samsung_galaxy_a14","Samsung Galaxy A14"
"http://www.semanticweb.org/admin/ontologies/2025/2/smartdevices/oppo_reno6_z","Oppo Reno6 Z"
"http://www.semanticweb.org/admin/ontologies/2025/2/smartdevices/xiaomi_redmi_note_9s","Xiaomi Redmi Note 9S"
"http://www.semanticweb.org/admin/ontologies/2025/2/smartdevices/oneplus_11","OnePlus 11"
"http://www.semanticweb.org/admin/ontologies/2025/2/smartdevices/xiaomi_poco_x5","Xiaomi Poco X5"
"http://www.semanticweb.org/admin/ontologies/2025/2/smartdevices/oneplus_10t","OnePlus 10T"
"http://www.semanticweb.org/admin/ontologies/2025/2/smartdevices/xiaomi_poco_f2_pro","Xiaomi Poco F2 Pro"
"http://www.semanticweb.org/admin/ontologies/2025/2/smartdevices/nokia_g50","Nokia G50"
"http://www.semanticweb.org/admin/ontologies/2025/2/smartdevices/vivo_v25","vivo V25"
"http://www.semanticweb.org/admin/ontologies/2025/2/smartdevices/realme_9_pro_","Realme 9 Pro+"
"http://www.semanticweb.org/admin/ontologies/2025/2/smartdevices/meizu_lucky_08","Meizu Lucky 08"
"http://www.semanticweb.org/admin/ontologies/2025/2/smartdevices/samsung_galaxy_j6_","Samsung Galaxy J6+"
"http://www.semanticweb.org/admin/ontologies/2025/2/smartdevices/xiaomi_mi_11_lite","Xiaomi Mi 11 Lite"
"http://www.semanticweb.org/admin/ontologies/2025/2/smartdevices/samsung_galaxy_j4_","Samsung Galaxy J4+"
"http://www.semanticweb.org/admin/ontologies/2025/2/smartdevices/samsung_galaxy_s23_fe","Samsung Galaxy S23 FE"
"http://www.semanticweb.org/admin/ontologies/2025/2/smartdevices/xiaomi_13t_pro","Xiaomi 13T Pro"
